{
  "alpha": 0.8,
  "beta": 0.75,
  "epsilon": 6.694091796875,
  "kappa": 0.014751242081790912,
  "kappaeps": 0.09874616861343384,
  "lambda": 0.0709841012954712,
  "delta": 0.3617388725280762,
  "eta": 0.15527198314666749,
  "rho": 0.7594613552093505,
  "source": "Ahlfeldt et al. (2015) Econometrica \u2014 pooled EThetaA"
}