{"alpha": 0.3448275862068966, "beta": 0.13793103448275862, "gamma": 0.3448275862068966, "delta": 0.1724137931034483}