{"alpha": 0.14814814814814814, "beta": 0.37037037037037035, "gamma": 0.2962962962962963, "delta": 0.18518518518518517}