{"alpha": 0.23333333333333334, "beta": 0.3333333333333333, "gamma": 0.26666666666666666, "delta": 0.16666666666666666}