{"alpha": 0.2692307692307692, "beta": 0.23076923076923078, "gamma": 0.2692307692307692, "delta": 0.23076923076923078}