{"alpha": 0.3076923076923077, "beta": 0.11538461538461539, "gamma": 0.34615384615384615, "delta": 0.23076923076923078}