{"alpha": 0.17857142857142858, "beta": 0.32142857142857145, "gamma": 0.2857142857142857, "delta": 0.21428571428571427}