{"alpha": 0.25, "beta": 0.2777777777777778, "gamma": 0.2777777777777778, "delta": 0.19444444444444445}