{"alpha": 0.32142857142857145, "beta": 0.14285714285714285, "gamma": 0.32142857142857145, "delta": 0.21428571428571427}