{"alpha": 0.2857142857142857, "beta": 0.17857142857142858, "gamma": 0.2857142857142857, "delta": 0.25}