{"alpha": 0.29411764705882354, "beta": 0.2647058823529412, "gamma": 0.2647058823529412, "delta": 0.17647058823529413}