{"alpha": 0.3, "beta": 0.3333333333333333, "gamma": 0.2, "delta": 0.16666666666666666}