{"alpha": 0.25, "beta": 0.3125, "gamma": 0.28125, "delta": 0.15625}