{"alpha": 0.2962962962962963, "beta": 0.14814814814814814, "gamma": 0.3333333333333333, "delta": 0.2222222222222222}