{"alpha": 0.2727272727272727, "beta": 0.24242424242424243, "gamma": 0.2727272727272727, "delta": 0.21212121212121213}