{"alpha": 0.2571428571428571, "beta": 0.2857142857142857, "gamma": 0.2857142857142857, "delta": 0.17142857142857143}