{"alpha": 0.25806451612903225, "beta": 0.3225806451612903, "gamma": 0.25806451612903225, "delta": 0.16129032258064516}