{"alpha": 0.3, "beta": 0.2, "gamma": 0.26666666666666666, "delta": 0.23333333333333334}