{"alpha": 0.3076923076923077, "beta": 0.2692307692307692, "gamma": 0.23076923076923078, "delta": 0.19230769230769232}