{"alpha": 0.27586206896551724, "beta": 0.2413793103448276, "gamma": 0.27586206896551724, "delta": 0.20689655172413793}