{"alpha": 0.25925925925925924, "beta": 0.2222222222222222, "gamma": 0.2962962962962963, "delta": 0.2222222222222222}