{"alpha": 0.2857142857142857, "beta": 0.14285714285714285, "gamma": 0.35714285714285715, "delta": 0.21428571428571427}