{"alpha": 0.375, "beta": 0.08333333333333333, "gamma": 0.3333333333333333, "delta": 0.20833333333333334}