{"alpha": 0.3448275862068966, "beta": 0.20689655172413793, "gamma": 0.27586206896551724, "delta": 0.1724137931034483}