{"alpha": 0.25, "beta": 0.2857142857142857, "gamma": 0.25, "delta": 0.21428571428571427}