{"alpha": 0.2903225806451613, "beta": 0.25806451612903225, "gamma": 0.2903225806451613, "delta": 0.16129032258064516}