{"alpha": 0.25806451612903225, "beta": 0.3225806451612903, "gamma": 0.2903225806451613, "delta": 0.12903225806451613}