{"alpha": 0.2857142857142857, "beta": 0.2, "gamma": 0.2857142857142857, "delta": 0.22857142857142856}