{"alpha": 0.25, "beta": 0.25, "gamma": 0.2777777777777778, "delta": 0.2222222222222222}