{"alpha": 0.2962962962962963, "beta": 0.18518518518518517, "gamma": 0.2962962962962963, "delta": 0.2222222222222222}