{"alpha": 0.3125, "beta": 0.21875, "gamma": 0.28125, "delta": 0.1875}