{"alpha": 0.3333333333333333, "beta": 0.1111111111111111, "gamma": 0.37037037037037035, "delta": 0.18518518518518517}