{"alpha": 0.2903225806451613, "beta": 0.16129032258064516, "gamma": 0.3225806451612903, "delta": 0.22580645161290322}