{"alpha": 0.3103448275862069, "beta": 0.1724137931034483, "gamma": 0.3103448275862069, "delta": 0.20689655172413793}