{"alpha": 0.3448275862068966, "beta": 0.2413793103448276, "gamma": 0.27586206896551724, "delta": 0.13793103448275862}