{"alpha": 0.28125, "beta": 0.15625, "gamma": 0.3125, "delta": 0.25}