{"alpha": 0.25, "beta": 0.28125, "gamma": 0.25, "delta": 0.21875}