{"alpha": 0.35714285714285715, "beta": 0.17857142857142858, "gamma": 0.32142857142857145, "delta": 0.14285714285714285}