{"alpha": 0.3225806451612903, "beta": 0.1935483870967742, "gamma": 0.3225806451612903, "delta": 0.16129032258064516}