{"alpha": 0.3333333333333333, "beta": 0.1111111111111111, "gamma": 0.3333333333333333, "delta": 0.2222222222222222}