{"alpha": 0.2692307692307692, "beta": 0.19230769230769232, "gamma": 0.3076923076923077, "delta": 0.23076923076923078}