{"alpha": 0.23333333333333334, "beta": 0.3, "gamma": 0.26666666666666666, "delta": 0.2}