{"alpha": 0.25806451612903225, "beta": 0.1935483870967742, "gamma": 0.3225806451612903, "delta": 0.22580645161290322}