{"alpha": 0.26666666666666666, "beta": 0.3, "gamma": 0.26666666666666666, "delta": 0.16666666666666666}