{"alpha": 0.30303030303030304, "beta": 0.18181818181818182, "gamma": 0.30303030303030304, "delta": 0.21212121212121213}