{"alpha": 0.3076923076923077, "beta": 0.15384615384615385, "gamma": 0.34615384615384615, "delta": 0.19230769230769232}