{"alpha": 0.2903225806451613, "beta": 0.25806451612903225, "gamma": 0.25806451612903225, "delta": 0.1935483870967742}