{"alpha": 0.28125, "beta": 0.1875, "gamma": 0.3125, "delta": 0.21875}