{"alpha": 0.2222222222222222, "beta": 0.3333333333333333, "gamma": 0.25925925925925924, "delta": 0.18518518518518517}