{"alpha": 0.2727272727272727, "beta": 0.24242424242424243, "gamma": 0.30303030303030304, "delta": 0.18181818181818182}