{"alpha": 0.27586206896551724, "beta": 0.1724137931034483, "gamma": 0.3448275862068966, "delta": 0.20689655172413793}