{"alpha": 0.28125, "beta": 0.1875, "gamma": 0.28125, "delta": 0.25}