{"alpha": 0.38461538461538464, "beta": 0.07692307692307693, "gamma": 0.34615384615384615, "delta": 0.19230769230769232}