{"alpha": 0.3, "beta": 0.3, "gamma": 0.23333333333333334, "delta": 0.16666666666666666}