{"alpha": 0.3125, "beta": 0.15625, "gamma": 0.3125, "delta": 0.21875}