{"alpha": 0.2692307692307692, "beta": 0.15384615384615385, "gamma": 0.34615384615384615, "delta": 0.23076923076923078}