{"alpha": 0.2857142857142857, "beta": 0.14285714285714285, "gamma": 0.32142857142857145, "delta": 0.25}