{"alpha": 0.37037037037037035, "beta": 0.18518518518518517, "gamma": 0.2962962962962963, "delta": 0.14814814814814814}