{"alpha": 0.22580645161290322, "beta": 0.3225806451612903, "gamma": 0.25806451612903225, "delta": 0.1935483870967742}