{"alpha": 0.2647058823529412, "beta": 0.20588235294117646, "gamma": 0.29411764705882354, "delta": 0.23529411764705882}