{"alpha": 0.3333333333333333, "beta": 0.14814814814814814, "gamma": 0.37037037037037035, "delta": 0.14814814814814814}