{"alpha": 0.22580645161290322, "beta": 0.2903225806451613, "gamma": 0.2903225806451613, "delta": 0.1935483870967742}