{"alpha": 0.3, "beta": 0.16666666666666666, "gamma": 0.3333333333333333, "delta": 0.2}