{"alpha": 0.20588235294117646, "beta": 0.29411764705882354, "gamma": 0.29411764705882354, "delta": 0.20588235294117646}