{"alpha": 0.35714285714285715, "beta": 0.10714285714285714, "gamma": 0.35714285714285715, "delta": 0.17857142857142858}