{"alpha": 0.27586206896551724, "beta": 0.1724137931034483, "gamma": 0.3103448275862069, "delta": 0.2413793103448276}