{"alpha": 0.3125, "beta": 0.28125, "gamma": 0.25, "delta": 0.15625}