{"alpha": 0.28125, "beta": 0.25, "gamma": 0.28125, "delta": 0.1875}