{"alpha": 0.3448275862068966, "beta": 0.10344827586206896, "gamma": 0.3448275862068966, "delta": 0.20689655172413793}