{"alpha": 0.32142857142857145, "beta": 0.25, "gamma": 0.2857142857142857, "delta": 0.14285714285714285}