{"alpha": 0.25806451612903225, "beta": 0.22580645161290322, "gamma": 0.2903225806451613, "delta": 0.22580645161290322}