{"alpha": 0.2857142857142857, "beta": 0.21428571428571427, "gamma": 0.32142857142857145, "delta": 0.17857142857142858}