{"alpha": 0.32142857142857145, "beta": 0.14285714285714285, "gamma": 0.35714285714285715, "delta": 0.17857142857142858}