{"alpha": 0.3103448275862069, "beta": 0.27586206896551724, "gamma": 0.2413793103448276, "delta": 0.1724137931034483}