{"alpha": 0.32142857142857145, "beta": 0.10714285714285714, "gamma": 0.35714285714285715, "delta": 0.21428571428571427}