{"alpha": 0.3333333333333333, "beta": 0.07407407407407407, "gamma": 0.37037037037037035, "delta": 0.2222222222222222}