{"alpha": 0.35714285714285715, "beta": 0.21428571428571427, "gamma": 0.2857142857142857, "delta": 0.14285714285714285}