{"alpha": 0.3103448275862069, "beta": 0.13793103448275862, "gamma": 0.3448275862068966, "delta": 0.20689655172413793}