{"alpha": 0.3333333333333333, "beta": 0.2, "gamma": 0.3, "delta": 0.16666666666666666}