{"alpha": 0.24324324324324326, "beta": 0.2702702702702703, "gamma": 0.2702702702702703, "delta": 0.21621621621621623}