{"alpha": 0.37037037037037035, "beta": 0.2222222222222222, "gamma": 0.25925925925925924, "delta": 0.14814814814814814}